Year,Twin Town,Value
2023,Albinea,4
2023,Cajamarca,5
2023,East Norriton,0
2023,Eskisehir,3
2023,Izola,0
2023,Köln,0
2023,Mürzzuschlag,0
2023,Odernheim,1
2023,Olomouc,2
2023,Subotica,0
2023,Veszprem,1
2023,Warszawa,1
2023,Total,17
2022,Albinea,2
2022,Cajamarca,3
2022,East Norriton,1
2022,Eskisehir,3
2022,Izola,0
2022,Köln,0
2022,Mürzzuschlag,0
2022,Odernheim,1
2022,Olomouc,2
2022,Subotica,0
2022,Veszprem,1
2022,Warszawa,4
2022,Total,17
2021,Albinea,2
2021,Cajamarca,3
2021,East Norriton,0
2021,Eskisehir,2
2021,Izola,0
2021,Köln,1
2021,Mürzzuschlag,0
2021,Odernheim,0
2021,Olomouc,0
2021,Subotica,0
2021,Veszprem,0
2021,Warszawa,2
2021,Total,10
2020,Albinea,1
2020,Cajamarca,2
2020,East Norriton,0
2020,Eskisehir,0
2020,Izola,0
2020,Köln,0
2020,Mürzzuschlag,0
2020,Odernheim,0
2020,Olomouc,0
2020,Subotica,0
2020,Veszprem,0
2020,Warszawa,0
2020,Total,3
2019,Albinea,3
2019,Cajamarca,3
2019,East Norriton,0
2019,Eskisehir,4
2019,Izola,0
2019,Köln,0
2019,Mürzzuschlag,0
2019,Odernheim,1
2019,Olomouc,0
2019,Subotica,0
2019,Veszprem,0
2019,Warszawa,2
2019,Total,13
2018,Albinea,2
2018,Cajamarca,2
2018,East Norriton,0
2018,Eskisehir,5
2018,Izola,1
2018,Köln,0
2018,Mürzzuschlag,0
2018,Odernheim,0
2018,Olomouc,0
2018,Subotica,4
2018,Veszprem,0
2018,Warszawa,3
2018,Total,17
2017,Albinea,2
2017,Cajamarca,4
2017,East Norriton,0
2017,Eskisehir,7
2017,Izola,0
2017,Köln,0
2017,Mürzzuschlag,0
2017,Odernheim,0
2017,Olomouc,0
2017,Subotica,1
2017,Veszprem,0
2017,Warszawa,2
2017,Total,16
2016,Albinea,2
2016,Cajamarca,4
2016,East Norriton,0
2016,Eskisehir,5
2016,Izola,3
2016,Köln,0
2016,Mürzzuschlag,1
2016,Odernheim,0
2016,Olomouc,0
2016,Subotica,1
2016,Veszprem,0
2016,Warszawa,2
2016,Total,18
2015,Albinea,3
2015,Cajamarca,7
2015,East Norriton,0
2015,Eskisehir,3
2015,Izola,3
2015,Köln,1
2015,Mürzzuschlag,2
2015,Odernheim,0
2015,Olomouc,0
2015,Subotica,1
2015,Veszprem,0
2015,Warszawa,4
2015,Total,24
2014,Albinea,2
2014,Cajamarca,3
2014,East Norriton,0
2014,Eskisehir,2
2014,Izola,2
2014,Köln,0
2014,Mürzzuschlag,2
2014,Odernheim,0
2014,Olomouc,0
2014,Subotica,0
2014,Veszprem,0
2014,Warszawa,1
2014,Total,24
