Year,Geschlecht,Value
2014,Frauen,22
2014,Männer,34
2014,Gesamt,56
2015,Frauen,22
2015,Männer,34
2015,Gesamt,56
2016,Frauen,22
2016,Männer,33
2016,Gesamt,55
2017,Frauen,19
2017,Männer,36
2017,Gesamt,55
2018,Frauen,19
2018,Männer,34
2018,Gesamt,53
2019,Frauen,19
2019,Männer,36
2019,Gesamt,55
2020,Frauen,18
2020,Männer,37
2020,Gesamt,55
2021,Frauen,18
2021,Männer,37
2021,Gesamt,55
2022,Frauen,21
2022,Männer,33
2022,Gesamt,54
2023,Frauen,18
2023,Männer,37
2023,Gesamt,55
2024,Frauen,18
2024,Männer,37
2024,Gesamt,55
2025,Frauen,18
2025,Männer,37
2025,Gesamt,55
