Year,fLotte,Value
2018,fLotte kommunal,0
2018,fLotte nicht-kommunal,2
2018,data.tot,2
2019,fLotte kommunal,0
2019,fLotte nicht-kommunal,7
2019,data.tot,7
2020,fLotte kommunal,8
2020,fLotte nicht-kommunal,11
2020,data.tot,19
2021,fLotte kommunal,10
2021,fLotte nicht-kommunal,13
2021,data.tot,23
2022,fLotte kommunal,10
2022,fLotte nicht-kommunal,13
2022,data.tot,23
2023,fLotte kommunal,19
2023,fLotte nicht-kommunal,7
2023,data.tot,26
2024,fLotte kommunal,19
2024,fLotte nicht-kommunal,7
2024,data.tot,26
