Year,data.luftg,Value
2015,data.pm,9
2015,data.ozonst,5
2015,data.ozonacht,31
2016,data.pm,4
2016,data.ozonst,0
2016,data.ozonacht,32
2017,data.pm,4
2017,data.ozonst,0
2017,data.ozonacht,8
2018,data.pm,5
2018,data.ozonst,3
2018,data.ozonacht,36
2019,data.pm,1
2019,data.ozonst,1
2019,data.ozonacht,33
2020,data.pm,1
2020,data.ozonst,0
2020,data.ozonacht,20
2021,data.pm,1
2021,data.ozonst,0
2021,data.ozonacht,14
2022,data.pm,0
2022,data.ozonst,0
2022,data.ozonacht,27
2023,data.pm,0
2023,data.ozonst,0
2023,data.ozonacht,20
