Year,data.kat,Value
2015-2018,data.Ausgezeichnet,11
2015-2018,data.Gut,0
2015-2018,data.Ausreichend,0
2015-2018,data.Mangelhaft,0
2016-2019,data.Ausgezeichnet,11
2016-2019,data.Gut,0
2016-2019,data.Ausreichend,0
2016-2019,data.Mangelhaft,0
2017-2020,data.Ausgezeichnet,11
2017-2020,data.Gut,0
2017-2020,data.Ausreichend,0
2017-2020,data.Mangelhaft,0
2018-2021,data.Ausgezeichnet,11
2018-2021,data.Gut,0
2018-2021,data.Ausreichend,0
2018-2021,data.Mangelhaft,0
2019-2022,data.Ausgezeichnet,11
2019-2022,data.Gut,0
2019-2022,data.Ausreichend,0
2019-2022,data.Mangelhaft,0
